gQUFC2umMK37RlfkmlzC70Lkf-Rq-jJBkhJk4eW5dHp3DNdTzI50Gb83VbzAgq_PvLBT39gXVe6g3sKUU_JotT45PhiS-H15jmxvLtLs-8Y=,TestDemo102
PcTqZwXdc33JtDn_qnNIil8MWjVLwMC-XsnJAPnUTiqUJfOuhbutKVIxb4ENgx1YLndaK-2jp667YfZjP7MQZOVb00ky0vtntOyXVbUlU-Q=,TestDemo102
TSTUcy5Q5xsuFSzOc-jYrEh7hnauX8j1bd5Og0qT9gAk3jCZT7073vqh8wDCoVTG6PWjERKv39A_5t8UZ8TXpngKcDt62uxbhGwYwAwLmJI=,TestDemo102
v2nez3U68tH0D5y8ZxKPqcc0dBTqETUYFKsVCd6KDVyQWFDqsAqDuh9FAdPy1wqJckIgmKC_zquPILDj7QuVFfIQWErEWwVtGsToqL3EAW8=,TestDemo102
y2vFL8hoF3du9xZsR2vYThPxehDYj8fCJA6t6yYQEH0HBT7-8aY0gR4r4XKLs4-V6I0BbP1nr3jACgV0A142-2JsFQ1if-CmXiyOTczkTZg=,TestDemo102
TOgO_bqoK3sXWB0YgkGZr9woJA52VZrlNyDql1LDBNPLj-1j8xYEo5MgwZ9jWTJiUfacmMYViNtNgQ78M2F25yufJ0wR4r6IjRuAmdEr6y8=,TestDemo102
TUPoPJ_-UMas8rMRXMbmj1xL-4XMjwEdSlcVwagJLmkowd5XX-a8oQy4y4FDzIzSAeOprsGy0GvGkqHklGsEp1uLBL3rawWZlsgR9R9ZrAg=,TestDemo102
L3xcybZOjUv_uNqbFGI89fRS7NY9-D3nTP1305HiFha5CQWw8wsipzHYm7p3OUgUWlfhPdGdJF5mLSGtnGnFxavMD0RbRTcME48u3g32e4g=,TestDemo102
RbQdnoVMlrc9pFtQjRfGYSVaZn-H4t2I0sr8DdAGvfqskWKhzzLgu-UBUswDfdvWPm6UWsjDLbgof-WQFo0pBuPjOMJcokKYlMSy_fQi-iI=,TestDemo102
zbbVvjlzQEG2k1IgDwxucpI7354jhXDHTjCu01_bMtZDpP6_eHrk9h5oa89lVNrum_go304yI87EiBD1sH6_vJpEEA0YaaeuzJa6Pe0n-cE=,yuvarajtest1
LPmy987y3ePv3e_A9QVNtEYzw00mjRtl40PhcLHBk9tEzO0Xb47Z17Vkwr4MRmWIsJXS7BWMWlS55KKiqMsHtgbEimY7Mg52rC8QlJXfiQI=,yuvarajtest1
W7ZB1Yj58NtR5zK3TlsMD815Up7SAhVnexnDmbvvkYqTvodroIESHFxiyqaRc1MasmpOzku_KCoAxShw8dOkzCQlUwf1fcXBUNUrSaP6laY=,yuvarajtest1
YSGlo2PK60AUfgLuj5KOsb95QpomgUhAtCdX1nDa4Vn0h3d1mNhYeTVhW0kt0WFPVGM3LIshOGXRYVXL9DcdqKZHZ8z8T5Xtku1HDtvBQJA=,yuvarajtest1
MkC3Cv8Qq_w9WhBO4bhLaQSolJSKhlnlW1Dabppefjhex1J2uHjQ_myaXVRGZLerAw5qbaH8BnbW-9i-HYfbSSv9Q9SlL7s2CsXgpdG970Y=,yuvarajtest1
8uxOjJrvoBZGIbY8lRU5IYLakeNjss_ifLBfkvAKNyw-FvAJsEdRZR9qEer84uhJ38Uki0w9o0Y08YxTEs9QdtwGjINA40krstFxG82STIE=,yuvarajtest1
9mqh56qQXN_8AoeSppoHWH3KXWexwqgWyfdau4CLxrC6TynkTbIv9H2lvn9fw0wPkCqq5Y4EKc3dhOK0QbDIEeYSDDsbWEYHgyK-LoqrGmQ=,TestDemo102
0UC5Amve8cAkjG4b8m6RdyB-ZeXVROA2_bQ2OgPJ2Rw4U2rqYFZP-7s4F1SW79-gKl_jyVFsljiyX5AMzoU9JVQJvaQJiLOEYQgtlkxLS-Q=,TestDemo102
JTzG-mfAZNrJ7X9dah1Zw0dXqtMZyGjERqg3Y9msKftPMXyjJ5_yQoWmRIDEgb82UN9whKK9BowR8dPifOkVR89uYmdwx9CkOlQrcotIpcU=,TestDemo102
l_l9FPbzVIs2LOlta4p6Ra626-eqGnOfoyZAUWsso4VnW3lHNS3vyDKDy4onxfpIUxPyrS1CCK6k5xXrQCZmu6O_AllCBjakzv6BQEVGM2s=,TestDemo102
fmjHvcQBRrykzGKWcsJc7FK7F82OOA8RSTk8ec2l6IsDmTjTG0BGrIzBTIL57kIdhxL4Puax70ZMHHWdGRRDm23kqhWCjU8tLqPHtoddzNQ=,null
NN8UVETgDRuss86xCaHqakIr29degAye3T0rZCNUC-Ry-IhakqGVx5g25tTaGLU8jURClGj2Du2mmHB5mAQkx0mVoBabd-6Xe1_YbO1tqDE=,null
